ship_name,ship_id,country,maximum_dispersion,firing_range,initial_he_velocity,initial_ap_velocity,maximum_speed
U-69,U-69,Germany,5.0,4.0,,,27.0
U-190,U-190,Germany,5.0,5.0,,,29.0
U-2501,U-2501,Germany,5.0,5.0,,,27.0
U-4501,U-4501,Germany,5.0,5.0,,,20.0
I-56,I-56,Japan,44.0,44.0,,,29.0
Undine,Undine,U.K.,5.0,4.0,,,20.0
Sturdy,Sturdy,U.K.,5.0,5.0,,,25.0
Alliance,Alliance,U.K.,5.0,5.0,,,31.0
Thrasher,Thrasher,U.K.,36.0,36.0,,,26.0
Cachalot,Cachalot,U.S.A.,5.0,4.0,,,27.0
Salmon,Salmon,U.S.A.,5.0,5.0,,,33.0
Balao,Balao,U.S.A.,5.0,5.0,,,30.0
Gato,Gato,U.S.A.,5.0,4.0,,,34.0
Archerfish,Archerfish,U.S.A.,64.0,6.0,,,33.0
S-189,S-189,U.S.S.R.,5.0,5.0,,,30.0
Xin_Zhong_Guo_14,Xin_Zhong_Guo_14,Pan-Asia,36.0,6.0,,,31.0
Groningen,Groningen,Netherlands,107.0,12.0,825.0,825.0,36.0
Tromp,Tromp,Netherlands,114.0,13.0,900.0,900.0,33.0
Sampson,Sampson,U.S.A.,73.0,7.0,884.0,884.0,29.0
Smith,Smith,U.S.A.,64.0,6.0,823.0,823.0,28.0
Wickes,Wickes,U.S.A.,27.0,8.0,884.0,884.0,34.0
Clemson,Clemson,U.S.A.,73.0,7.0,884.0,884.0,35.0
DD_214,DD_214,,,,,,
Nicholas,Nicholas,U.S.A.,96.0,10.0,960.0,960.0,37.0
Hill,Hill,U.S.A.,100.0,11.0,792.0,792.0,37.0
Farragut,Farragut,U.S.A.,100.0,11.0,792.0,792.0,36.0
Monaghan,Monaghan,U.S.A.,108.0,12.0,792.0,792.0,36.0
Mahan,Mahan,U.S.A.,102.0,10.0,792.0,792.0,35.0
Sims,Sims,U.S.A.,111.0,12.0,792.0,792.0,38.0
Hughes,Hughes,,,,,,
Sims_B,Sims_B,U.S.A.,111.0,12.0,792.0,792.0,38.0
Benson,Benson,U.S.A.,101.0,10.0,792.0,792.0,38.0
Osborne,Osborne,,,,,,
Kidd,Kidd,U.S.A.,105.0,12.0,792.0,792.0,38.0
Fletcher,Fletcher,U.S.A.,103.0,11.0,792.0,792.0,36.0
Christopher,Christopher,,,,,,
Benham,Benham,U.S.A.,109.0,12.0,792.0,792.0,36.0
Halford,Halford,U.S.A.,91.0,10.0,792.0,792.0,38.0
Black_B,Black_B,U.S.A.,111.0,12.0,792.0,792.0,35.0
Black,Black,U.S.A.,111.0,12.0,792.0,792.0,35.0
Johnston,Johnston,U.S.A.,109.0,12.0,792.0,,38.0
GQ_Johnny,GQ_Johnny,,,,,,
Frank_Friday,Frank_Friday,,,,,,
Gearing,Gearing,U.S.A.,98.0,11.0,792.0,792.0,36.0
Burrows,Burrows,,,,,,
Somers,Somers,U.S.A.,102.0,11.0,792.0,792.0,38.0
Forrest_Sherman,Forrest_Sherman,U.S.A.,109.0,12.0,808.0,,33.0
Laffey,Laffey,,,,,,
Hull,Hull,,,,,,
Joshua_Humphreys,Joshua_Humphreys,U.S.A.,105.0,12.0,808.0,808.0,37.0
Vampire,Vampire,Commonwealth,90.0,10.0,805.0,805.0,34.0
Haida,Haida,Commonwealth,107.0,12.0,808.0,808.0,36.0
Huron,Huron,Commonwealth,107.0,12.0,808.0,808.0,36.0
Vampire_II,Vampire_II,Commonwealth,110.0,12.0,746.0,746.0,35.0
Tátra,Tátra,Europe,83.0,8.0,880.0,880.0,32.0
Romulus,Romulus,Europe,86.0,8.0,840.0,840.0,34.0
Klas_Horn,Klas_Horn,Europe,86.0,8.0,800.0,800.0,37.0
Visby,Visby,Europe,79.0,8.0,900.0,900.0,39.0
Muavenet,Muavenet,Europe,93.0,9.0,808.0,,35.0
Kalmar,Kalmar,Europe,88.0,9.0,900.0,900.0,39.0
Västerås,Västerås,Europe,89.0,9.0,900.0,900.0,38.0
Stord,Stord,Europe,97.0,10.0,808.0,,36.0
Skåne,Skåne,Europe,90.0,9.0,850.0,850.0,35.0
Grom,Grom,Europe,89.0,9.0,900.0,,39.0
Błyskawica,Błyskawica,Europe,105.0,12.0,900.0,900.0,39.0
Stord_'43,Stord_'43,Europe,103.0,11.0,808.0,808.0,36.0
Öland,Öland,Europe,90.0,9.0,850.0,850.0,35.0
Split,Split,Europe,92.0,10.0,840.0,,38.0
Orkan,Orkan,Europe,102.0,11.0,774.0,774.0,35.0
Błyskawica_'44,Błyskawica_'44,,,,,,
Östergötland,Östergötland,Europe,84.0,9.0,850.0,850.0,35.0
Lambros_Katsonis,Lambros_Katsonis,Europe,93.0,10.0,840.0,,38.0
Velos,Velos,Europe,106.0,12.0,792.0,792.0,38.0
Friesland,Friesland,Europe,107.0,12.0,825.0,825.0,36.0
Jäger,Jäger,Europe,85.0,9.0,880.0,880.0,37.0
Halland,Halland,Europe,93.0,10.0,825.0,825.0,35.0
Gdańsk,Gdańsk,Europe,105.0,12.0,840.0,,41.0
Småland,Småland,Europe,100.0,11.0,825.0,825.0,35.0
Ragnar,Ragnar,Europe,60.0,13.0,900.0,900.0,35.0
Södermanland,Södermanland,,,,,,
Dalarna,Dalarna,Europe,98.0,11.0,825.0,825.0,36.0
V-25,V-25,Germany,77.0,7.0,750.0,750.0,36.0
G-101,G-101,Germany,76.0,8.0,715.0,715.0,33.0
V-170,V-170,Germany,82.0,8.0,715.0,715.0,35.0
T-22,T-22,Germany,83.0,9.0,780.0,780.0,34.0
Ernst_Gaede,Ernst_Gaede,Germany,89.0,9.0,830.0,830.0,36.0
T-61,T-61,Germany,102.0,11.0,830.0,830.0,35.0
Karl_von_Schönberg,Karl_von_Schönberg,Germany,104.0,11.0,835.0,835.0,36.0
Leberecht_Maass,Leberecht_Maass,Germany,96.0,9.0,830.0,830.0,37.0
Z-31,Z-31,Germany,51.0,10.0,835.0,835.0,36.0
Z-39,Z-39,Germany,103.0,11.0,835.0,835.0,36.0
Z-32,Z-32,,,,,,
Z,Z,,,,,,
Z,Z,,,,,,
Z,Z,,,,,,
Z-23,Z-23,Germany,88.0,9.0,830.0,830.0,37.0
Gustav,Gustav,Germany,56.0,10.0,835.0,835.0,36.0
Z-35,Z-35,Germany,105.0,12.0,830.0,830.0,36.0
Z-46,Z-46,Germany,89.0,10.0,830.0,830.0,37.0
Felix_Schultz,Felix_Schultz,Germany,54.0,11.0,960.0,960.0,36.0
Z-44,Z-44,Germany,98.0,11.0,830.0,830.0,36.0
ZF-6,ZF-6,Germany,103.0,11.0,880.0,880.0,35.0
ZF,ZF,,,,,,
Z-52,Z-52,Germany,105.0,12.0,830.0,830.0,37.0
Elbing,Elbing,Germany,61.0,13.0,960.0,960.0,36.0
Z-42,Z-42,Germany,109.0,12.0,900.0,900.0,36.0
Georg_Hoffmann,Georg_Hoffmann,Germany,54.0,11.0,960.0,960.0,37.0
Georg_Hoffmann_Golden,Georg_Hoffmann_Golden,,,,,,
Lübeck,Lübeck,,,,,,
Z,Z,,,,,,
Storozhevoi,Storozhevoi,U.S.S.R.,87.0,9.0,823.0,823.0,35.0
Derzki,Derzki,U.S.S.R.,85.0,8.0,823.0,823.0,34.0
Izyaslav,Izyaslav,U.S.S.R.,84.0,9.0,823.0,823.0,35.0
Gremyashchy,Gremyashchy,U.S.S.R.,104.0,11.0,870.0,870.0,37.0
Gnevny,Gnevny,U.S.S.R.,104.0,10.0,870.0,870.0,38.0
Podvoisky,Podvoisky,U.S.S.R.,86.0,9.0,861.0,861.0,42.0
Okhotnik,Okhotnik,U.S.S.R.,83.0,9.0,861.0,861.0,34.0
Ognevoi,Ognevoi,U.S.S.R.,105.0,10.0,870.0,870.0,37.0
Kiev,Kiev,U.S.S.R.,98.0,11.0,870.0,870.0,42.0
Minsk,Minsk,U.S.S.R.,106.0,11.0,870.0,870.0,43.0
Leningrad,Leningrad,U.S.S.R.,101.0,11.0,870.0,870.0,43.0
Tashkent_'39,Tashkent_'39,U.S.S.R.,93.0,10.0,870.0,870.0,44.0
Tashkent,Tashkent,U.S.S.R.,110.0,11.0,870.0,870.0,42.0
Provorny,Provorny,,,,,,
Udaloi,Udaloi,U.S.S.R.,105.0,11.0,900.0,900.0,40.0
Neustrashimy,Neustrashimy,U.S.S.R.,110.0,12.0,950.0,950.0,36.0
Khabarovsk,Khabarovsk,U.S.S.R.,99.0,11.0,900.0,900.0,43.0
Grozovoi,Grozovoi,U.S.S.R.,107.0,12.0,950.0,950.0,39.0
Delny,Delny,U.S.S.R.,113.0,13.0,950.0,950.0,43.0
Zorkiy,Zorkiy,U.S.S.R.,107.0,12.0,950.0,950.0,43.0
Curtatone,Curtatone,Italy,60.0,5.0,850.0,,32.0
Nazario_Sauro,Nazario_Sauro,Italy,61.0,5.0,850.0,,35.0
Turbine,Turbine,Italy,62.0,5.0,850.0,,33.0
Maestrale,Maestrale,Italy,61.0,6.0,840.0,,38.0
Aviere,Aviere,Italy,106.0,6.0,950.0,,38.0
Leone,Leone,Italy,105.0,12.0,850.0,850.0,34.0
Luca_Tarigo,Luca_Tarigo,Italy,66.0,6.0,950.0,,38.0
FR25,FR25,Italy,109.0,12.0,700.0,,36.0
Vittorio_Cuniberti,Vittorio_Cuniberti,Italy,79.0,7.0,950.0,,39.0
Adriatico,Adriatico,Italy,79.0,8.0,875.0,,39.0
Paolo_Emilio,Paolo_Emilio,Italy,99.0,11.0,875.0,,43.0
Attilio_Regolo,Attilio_Regolo,Italy,87.0,9.0,875.0,,41.0
Alberico_da_Barbiano,Alberico_da_Barbiano,,,,,,
Juruá,Juruá,Pan-America,91.0,10.0,808.0,808.0,36.0
La_Pampa,La_Pampa,Pan-America,107.0,12.0,746.0,746.0,34.0
Tachibana,Tachibana,Japan,75.0,8.0,680.0,690.0,30.0
Umikaze,Umikaze,Japan,75.0,8.0,660.0,660.0,33.0
Tachibana_Lima,Tachibana_Lima,Japan,75.0,8.0,680.0,690.0,30.0
Wakatake,Wakatake,Japan,85.0,9.0,825.0,825.0,35.0
Isokaze,Isokaze,Japan,95.0,9.0,660.0,660.0,34.0
Minekaze,Minekaze,Japan,81.0,8.0,825.0,825.0,39.0
Fūjin,Fūjin,Japan,80.0,8.0,825.0,825.0,37.0
Kamikaze,Kamikaze,Japan,80.0,8.0,825.0,825.0,37.0
Kamikaze_R,Kamikaze_R,Japan,80.0,8.0,825.0,825.0,37.0
Mutsuki,Mutsuki,Japan,81.0,8.0,825.0,825.0,37.0
Fubuki,Fubuki,Japan,93.0,10.0,915.0,915.0,35.0
Hatsuharu,Hatsuharu,Japan,88.0,9.0,915.0,915.0,36.0
Shinonome_B,Shinonome_B,Japan,82.0,9.0,915.0,915.0,35.0
Shinonome,Shinonome,Japan,82.0,9.0,915.0,915.0,35.0
Akatsuki,Akatsuki,Japan,92.0,9.0,915.0,915.0,38.0
Shiratsuyu,Shiratsuyu,Japan,97.0,10.0,915.0,915.0,34.0
Yūdachi,Yūdachi,Japan,103.0,11.0,915.0,915.0,34.0
Akizuki,Akizuki,Japan,99.0,11.0,1000.0,1000.0,33.0
Kagerō,Kagerō,Japan,79.0,8.0,915.0,915.0,35.0
Asashio,Asashio,Japan,97.0,10.0,915.0,915.0,35.0
HSF_Harekaze_II,HSF_Harekaze_II,Japan,100.0,11.0,875.0,875.0,35.0
Asashio_B,Asashio_B,Japan,97.0,10.0,915.0,915.0,35.0
HSF_Harekaze,HSF_Harekaze,Japan,85.0,9.0,915.0,915.0,35.0
AL_Yukikaze,AL_Yukikaze,Japan,85.0,9.0,915.0,915.0,35.0
Yūgumo,Yūgumo,Japan,97.0,10.0,915.0,915.0,35.0
Kitakaze,Kitakaze,Japan,108.0,11.0,1000.0,1000.0,36.0
Minegumo,Minegumo,Japan,97.0,10.0,915.0,915.0,35.0
STAR_Kitakaze,STAR_Kitakaze,Japan,108.0,12.0,1000.0,1000.0,36.0
Shimakaze,Shimakaze,Japan,100.0,11.0,915.0,915.0,39.0
Harugumo,Harugumo,Japan,109.0,12.0,1000.0,1000.0,35.0
Hayate,Hayate,Japan,102.0,11.0,915.0,915.0,37.0
AL_Shimakaze,AL_Shimakaze,Japan,105.0,11.0,915.0,915.0,39.0
Yamagiri,Yamagiri,Japan,105.0,12.0,915.0,915.0,39.0
Medea,Medea,U.K.,102.0,8.0,664.0,664.0,32.0
Valkyrie,Valkyrie,U.K.,95.0,9.0,811.0,811.0,34.0
Campbeltown,Campbeltown,U.K.,84.0,9.0,884.0,884.0,35.0
Wakeful,Wakeful,U.K.,96.0,9.0,811.0,811.0,35.0
Acasta,Acasta,U.K.,90.0,10.0,808.0,808.0,35.0
Icarus,Icarus,U.K.,102.0,10.0,808.0,808.0,35.0
Gallant,Gallant,U.K.,91.0,10.0,808.0,808.0,36.0
Jervis,Jervis,U.K.,97.0,10.0,808.0,808.0,36.0
Jupiter_'42,Jupiter_'42,U.K.,105.0,12.0,811.0,808.0,36.0
Lightning,Lightning,U.K.,106.0,11.0,774.0,774.0,36.0
Cossack,Cossack,U.K.,104.0,11.0,808.0,808.0,36.0
Cossack_B,Cossack_B,U.K.,104.0,11.0,808.0,808.0,36.0
Eskimo,Eskimo,,,,,,
Jutland,Jutland,U.K.,100.0,11.0,746.0,746.0,34.0
Somme,Somme,U.K.,108.0,12.0,746.0,746.0,34.0
Barfleur,Barfleur,,,,,,
Daring,Daring,U.K.,110.0,12.0,746.0,746.0,35.0
Druid,Druid,U.K.,105.0,12.0,,975.0,35.0
Enseigne_Gabolde,Enseigne_Gabolde,France,102.0,8.0,780.0,780.0,31.0
Fusilier,Fusilier,France,103.0,9.0,780.0,780.0,34.0
Bourrasque,Bourrasque,France,103.0,10.0,725.0,725.0,33.0
L'Adroit,L'Adroit,France,99.0,11.0,725.0,725.0,33.0
Jaguar,Jaguar,France,97.0,10.0,725.0,725.0,35.0
Siroco,Siroco,France,103.0,11.0,725.0,725.0,33.0
Duchaffault,Duchaffault,France,100.0,11.0,950.0,950.0,38.0
Guépard,Guépard,France,112.0,11.0,700.0,700.0,36.0
Aigle,Aigle,France,110.0,12.0,700.0,700.0,36.0
Le_Hardi,Le_Hardi,France,105.0,12.0,840.0,800.0,37.0
Vauquelin,Vauquelin,France,103.0,11.0,700.0,700.0,36.0
L'Aventurier,L'Aventurier,France,105.0,12.0,840.0,800.0,35.0
Le_Fantasque,Le_Fantasque,France,103.0,11.0,840.0,840.0,42.0
Le_Terrible,Le_Terrible,France,107.0,12.0,840.0,840.0,43.0
Orage,Orage,France,106.0,12.0,808.0,808.0,34.0
Mogador,Mogador,France,102.0,11.0,840.0,840.0,43.0
Cassard,Cassard,France,119.0,13.0,808.0,808.0,34.0
Kléber,Kléber,France,116.0,13.0,840.0,840.0,44.0
Marceau,Marceau,France,101.0,11.0,808.0,808.0,44.0
Kléber_CLR,Kléber_CLR,France,116.0,13.0,840.0,840.0,44.0
Kléber_TE,Kléber_TE,,,,,,
Longjiang,Longjiang,Pan-Asia,78.0,7.0,715.0,715.0,36.0
Phra_Ruang,Phra_Ruang,Pan-Asia,80.0,7.0,664.0,664.0,36.0
Shenyang,Shenyang,Pan-Asia,81.0,8.0,960.0,960.0,39.0
Jianwei,Jianwei,Pan-Asia,97.0,9.0,814.0,814.0,37.0
Fushun,Fushun,Pan-Asia,104.0,10.0,870.0,870.0,38.0
Anshan,Anshan,Pan-Asia,104.0,11.0,870.0,870.0,38.0
Gadjah_Mada,Gadjah_Mada,Pan-Asia,104.0,10.0,808.0,808.0,36.0
Hsienyang,Hsienyang,Pan-Asia,100.0,11.0,792.0,792.0,37.0
Siliwangi,Siliwangi,Pan-Asia,108.0,12.0,870.0,870.0,36.0
Loyang,Loyang,Pan-Asia,101.0,11.0,792.0,792.0,38.0
Fenyang,Fenyang,Pan-Asia,108.0,12.0,1000.0,1000.0,33.0
Loyang_B,Loyang_B,Pan-Asia,101.0,11.0,792.0,792.0,38.0
Zhu_Que,Zhu_Que,Pan-Asia,105.0,12.0,792.0,792.0,38.0
Ship_Smasha,Ship_Smasha,Pan-Asia,108.0,12.0,1000.0,1000.0,33.0
Chung_Mu,Chung_Mu,Pan-Asia,97.0,11.0,792.0,792.0,38.0
Nanning,Nanning,,,,,,
Yueyang,Yueyang,Pan-Asia,104.0,11.0,792.0,792.0,36.0
Lüshun,Lüshun,Pan-Asia,110.0,12.0,950.0,950.0,36.0
Kunming,Kunming,Pan-Asia,115.0,13.0,792.0,792.0,38.0
Álvaro_de_Bazán,Álvaro_de_Bazán,Spain,109.0,12.0,825.0,825.0,40.0
Van_Kinsbergen,Van_Kinsbergen,Netherlands,100.0,11.0,900.0,,25.0
Gelderland,Gelderland,Netherlands,102.0,11.0,820.0,820.0,20.0
Java,Java,Netherlands,112.0,11.0,900.0,900.0,30.0
De_Ruyter,De_Ruyter,Netherlands,119.0,12.0,900.0,900.0,32.0
Celebes,Celebes,Netherlands,120.0,12.0,900.0,900.0,30.0
Kijkduin,Kijkduin,Netherlands,133.0,13.0,900.0,900.0,33.0
Eendracht,Eendracht,Netherlands,125.0,13.0,900.0,900.0,33.0
Jaarsveld,Jaarsveld,,,,,,
Haarlem,Haarlem,Netherlands,178.0,14.0,925.0,925.0,32.0
De_Zeven_Provinciën,De_Zeven_Provinciën,Netherlands,143.0,16.0,900.0,900.0,32.0
Vrijheid,Vrijheid,Netherlands,5.0,5.0,,,5.0
Admiraal,Admiraal,,,,,,
Statenland,Statenland,,,,,,
Menno_van_Coehoorn,Menno_van_Coehoorn,,,,,,
Johan_de_Witt,Johan_de_Witt,Netherlands,182.0,14.0,900.0,900.0,32.0
Van_Speijk,Van_Speijk,Netherlands,140.0,15.0,925.0,925.0,32.0
Utrecht,Utrecht,,,,,,
Gouden_Leeuw,Gouden_Leeuw,Netherlands,186.0,16.0,890.0,890.0,33.0
Prins_van_Oranje,Prins_van_Oranje,Netherlands,234.0,10.0,,,1.0
Prins_van_Oranje_Golden,Prins_van_Oranje_Golden,,,,,,
Noord,Noord,,,,,,
Erie,Erie,U.S.A.,86.0,9.0,853.0,,20.0
Chester,Chester,U.S.A.,96.0,9.0,914.0,914.0,24.0
Albany,Albany,U.S.A.,83.0,9.0,853.0,853.0,20.0
St._Louis,St._Louis,U.S.A.,111.0,11.0,853.0,853.0,22.0
Charleston,Charleston,U.S.A.,118.0,12.0,853.0,853.0,22.0
Phoenix,Phoenix,U.S.A.,128.0,13.0,853.0,853.0,35.0
Omaha,Omaha,U.S.A.,137.0,13.0,914.0,914.0,34.0
Marblehead,Marblehead,U.S.A.,128.0,13.0,914.0,914.0,34.0
Marblehead_Lima,Marblehead_Lima,U.S.A.,128.0,13.0,914.0,914.0,34.0
Rattlehead,Rattlehead,U.S.A.,128.0,13.0,914.0,914.0,34.0
Cleveland,Cleveland,U.S.A.,140.0,14.0,812.0,762.0,32.0
Pensacola,Pensacola,U.S.A.,131.0,14.0,823.0,853.0,32.0
Dallas,Dallas,U.S.A.,131.0,13.0,812.0,762.0,32.0
Atlanta,Atlanta,U.S.A.,115.0,13.0,792.0,792.0,32.0
New_Orleans,New_Orleans,U.S.A.,134.0,14.0,823.0,853.0,32.0
Helena,Helena,U.S.A.,133.0,13.0,812.0,762.0,32.0
Indianapolis,Indianapolis,U.S.A.,149.0,16.0,823.0,853.0,32.0
Atlanta_B,Atlanta_B,U.S.A.,115.0,13.0,792.0,792.0,32.0
Boise,Boise,U.S.A.,126.0,13.0,812.0,762.0,30.0
Flint,Flint,U.S.A.,108.0,12.0,792.0,792.0,32.0
Baltimore,Baltimore,U.S.A.,132.0,14.0,823.0,762.0,32.0
Wichita,Wichita,U.S.A.,142.0,15.0,823.0,853.0,33.0
Anchorage,Anchorage,U.S.A.,140.0,15.0,823.0,853.0,33.0
Congress,Congress,U.S.A.,195.0,17.0,808.0,762.0,33.0
Rochester,Rochester,U.S.A.,142.0,15.0,823.0,762.0,33.0
San_Diego,San_Diego,U.S.A.,135.0,14.0,,792.0,32.0
AL_Montpelier,AL_Montpelier,U.S.A.,140.0,15.0,812.0,762.0,32.0
Protector,Protector,,,,,,
Buffalo,Buffalo,U.S.A.,142.0,14.0,823.0,762.0,33.0
Seattle,Seattle,U.S.A.,141.0,14.0,812.0,762.0,33.0
Vallejo,Vallejo,U.S.A.,141.0,15.0,812.0,762.0,32.0
Alaska,Alaska,U.S.A.,207.0,18.0,808.0,762.0,33.0
Tulsa,Tulsa,U.S.A.,126.0,14.0,823.0,762.0,33.0
Alaska_B,Alaska_B,U.S.A.,207.0,18.0,808.0,762.0,33.0
Cambridge,Cambridge,,,,,,
Des_Moines,Des_Moines,U.S.A.,142.0,15.0,823.0,762.0,33.0
Worcester,Worcester,U.S.A.,148.0,16.0,812.0,762.0,33.0
Puerto_Rico,Puerto_Rico,U.S.A.,248.0,18.0,808.0,762.0,33.0
Salem,Salem,U.S.A.,142.0,15.0,823.0,762.0,33.0
Austin,Austin,U.S.A.,136.0,15.0,808.0,,35.0
Jacksonville,Jacksonville,U.S.A.,152.0,18.0,812.0,762.0,34.0
Annapolis,Annapolis,U.S.A.,144.0,16.0,823.0,762.0,33.0
Sutlej,Sutlej,Commonwealth,78.0,8.0,811.0,,19.0
Port_Jackson,Port_Jackson,Commonwealth,117.0,11.0,773.0,773.0,26.0
Caradoc,Caradoc,Commonwealth,122.0,11.0,853.0,853.0,29.0
Dunedin,Dunedin,Commonwealth,126.0,12.0,853.0,853.0,29.0
Delhi,Delhi,Commonwealth,127.0,12.0,841.0,841.0,32.0
Hobart,Hobart,Commonwealth,123.0,13.0,841.0,841.0,32.0
Perth,Perth,Commonwealth,121.0,12.0,841.0,841.0,32.0
Mysore,Mysore,Commonwealth,129.0,14.0,811.0,870.0,31.0
Uganda,Uganda,Commonwealth,139.0,14.0,841.0,841.0,31.0
Gambia,Gambia,,,,,,
River_Gambra,River_Gambra,,,,,,
Auckland,Auckland,Commonwealth,143.0,14.0,841.0,841.0,33.0
Encounter,Encounter,Commonwealth,146.0,15.0,841.0,841.0,33.0
Hector,Hector,Commonwealth,140.0,15.0,792.0,792.0,34.0
Cerberus,Cerberus,Commonwealth,157.0,18.0,841.0,841.0,34.0
Brisbane,Brisbane,Commonwealth,141.0,15.0,768.0,768.0,33.0
Brisbane_B,Brisbane_B,,,,,,
Gryf,Gryf,Europe,95.0,10.0,900.0,,20.0
Elli,Elli,Europe,147.0,16.0,950.0,1000.0,37.0
Svea,Svea,Europe,139.0,16.0,900.0,900.0,34.0
Hermelin,Hermelin,Germany,88.0,9.0,900.0,,24.0
Dresden,Dresden,Germany,108.0,9.0,710.0,710.0,25.0
Emden,Emden,Germany,101.0,9.0,710.0,710.0,24.0
Kolberg,Kolberg,Germany,109.0,10.0,715.0,715.0,27.0
Karlsruhe,Karlsruhe,Germany,104.0,10.0,835.0,835.0,27.0
Königsberg,Königsberg,Germany,136.0,14.0,960.0,960.0,32.0
Nürnberg,Nürnberg,Germany,136.0,14.0,960.0,960.0,32.0
Admiral_Graf_Spee,Admiral_Graf_Spee,Germany,182.0,16.0,910.0,910.0,28.0
Leipzig,Leipzig,Germany,126.0,13.0,960.0,960.0,32.0
HSF_Admiral_Graf_Spee,HSF_Admiral_Graf_Spee,Germany,182.0,16.0,910.0,910.0,28.0
Yorck,Yorck,Germany,141.0,15.0,900.0,900.0,32.0
München,München,Germany,147.0,16.0,875.0,875.0,36.0
Weimar,Weimar,Germany,129.0,14.0,960.0,960.0,31.0
München_B,München_B,,,,,,
Admiral_Hipper,Admiral_Hipper,Germany,143.0,16.0,925.0,925.0,32.0
Prinz_Eugen,Prinz_Eugen,Germany,153.0,17.0,925.0,925.0,32.0
Mainz,Mainz,Germany,153.0,17.0,960.0,960.0,32.0
Schill,Schill,Germany,152.0,17.0,910.0,910.0,32.0
Mainz_B,Mainz_B,Germany,153.0,17.0,960.0,960.0,32.0
Cross_of_Dorn,Cross_of_Dorn,Germany,153.0,17.0,960.0,960.0,32.0
Wiesbaden,Wiesbaden,Germany,136.0,15.0,960.0,960.0,32.0
Roon,Roon,Germany,155.0,16.0,925.0,925.0,32.0
Siegfried,Siegfried,Germany,175.0,20.0,820.0,820.0,33.0
Ägir,Ägir,Germany,203.0,18.0,865.0,865.0,33.0
Admiral_Schröder,Admiral_Schröder,Germany,202.0,18.0,850.0,855.0,32.0
Blücher,Blücher,,,,,,
Roon_CLR,Roon_CLR,Germany,155.0,17.0,925.0,925.0,32.0
AL_Ägir,AL_Ägir,Germany,5.0,8.0,,,5.0
Hindenburg,Hindenburg,Germany,156.0,17.0,925.0,925.0,31.0
Hildebrand,Hildebrand,Germany,203.0,18.0,865.0,865.0,34.0
AL_Hindenburg,AL_Hindenburg,,,,,,
Clausewitz,Clausewitz,Germany,160.0,18.0,925.0,925.0,32.0
Orlan,Orlan,U.S.S.R.,101.0,9.0,870.0,,25.0
Diana,Diana,U.S.S.R.,103.0,11.0,753.0,792.0,19.0
Diana_Lima,Diana_Lima,U.S.S.R.,103.0,11.0,753.0,792.0,19.0
Novik,Novik,U.S.S.R.,102.0,9.0,823.0,823.0,25.0
Aurora,Aurora,U.S.S.R.,99.0,11.0,753.0,792.0,19.0
Bogatyr,Bogatyr,U.S.S.R.,111.0,10.0,753.0,792.0,24.0
Oleg,Oleg,U.S.S.R.,107.0,10.0,753.0,792.0,24.0
Varyag,Varyag,U.S.S.R.,108.0,10.0,753.0,792.0,25.0
AL_Avrora,AL_Avrora,U.S.S.R.,99.0,11.0,753.0,792.0,19.0
Svietlana,Svietlana,U.S.S.R.,103.0,10.0,823.0,823.0,29.0
Murmansk,Murmansk,U.S.S.R.,135.0,14.0,914.0,914.0,34.0
Kirov,Kirov,U.S.S.R.,145.0,16.0,800.0,800.0,35.0
Kotovsky,Kotovsky,U.S.S.R.,141.0,14.0,880.0,880.0,35.0
Krasny_Krym,Krasny_Krym,U.S.S.R.,129.0,14.0,861.0,861.0,29.0
Mikoyan,Mikoyan,U.S.S.R.,144.0,16.0,920.0,920.0,35.0
Budyonny,Budyonny,U.S.S.R.,147.0,15.0,950.0,950.0,35.0
Molotov,Molotov,U.S.S.R.,139.0,15.0,920.0,920.0,36.0
Admiral_Makarov,Admiral_Makarov,U.S.S.R.,145.0,16.0,960.0,960.0,32.0
Shchors,Shchors,U.S.S.R.,141.0,15.0,950.0,950.0,35.0
Lazo,Lazo,U.S.S.R.,152.0,17.0,950.0,950.0,33.0
Lazo_B,Lazo_B,U.S.S.R.,152.0,17.0,950.0,950.0,33.0
Chapayev,Chapayev,U.S.S.R.,152.0,15.0,950.0,950.0,33.0
Tallinn,Tallinn,U.S.S.R.,182.0,16.0,920.0,920.0,33.0
Mikhail_Kutuzov,Mikhail_Kutuzov,U.S.S.R.,164.0,19.0,950.0,950.0,33.0
Ochakov,Ochakov,U.S.S.R.,140.0,15.0,950.0,950.0,35.0
Pyotr_Bagration,Pyotr_Bagration,U.S.S.R.,160.0,18.0,920.0,930.0,34.0
Bagration,Bagration,"Ship=code for manual override -->
{{WoWs_Ship",,,,,
Dmitry_Pozharsky,Dmitry_Pozharsky,U.S.S.R.,157.0,18.0,1000.0,950.0,33.0
Dmitri_Donskoi,Dmitri_Donskoi,U.S.S.R.,155.0,16.0,920.0,920.0,36.0
Riga,Riga,U.S.S.R.,186.0,16.0,965.0,965.0,33.0
Kronshtadt,Kronshtadt,U.S.S.R.,241.0,18.0,920.0,900.0,33.0
Vyazma,Vyazma,,,,,,
Kozma_Minin,Kozma_Minin,U.S.S.R.,161.0,18.0,925.0,925.0,36.0
Moskva,Moskva,U.S.S.R.,167.0,19.0,985.0,985.0,34.0
Alexander_Nevsky,Alexander_Nevsky,U.S.S.R.,164.0,19.0,1000.0,1000.0,36.0
Petropavlovsk,Petropavlovsk,U.S.S.R.,190.0,18.0,995.0,995.0,32.0
Stalingrad,Stalingrad,U.S.S.R.,218.0,20.0,950.0,950.0,35.0
Smolensk_B,Smolensk_B,U.S.S.R.,118.0,13.0,950.0,950.0,35.0
Smolensk,Smolensk,U.S.S.R.,118.0,13.0,950.0,950.0,35.0
Sevastopol,Sevastopol,U.S.S.R.,164.0,19.0,820.0,820.0,33.0
Komissar,Komissar,U.S.S.R.,151.0,17.0,940.0,940.0,35.0
Vladimir_Monomakh,Vladimir_Monomakh,U.S.S.R.,164.0,19.0,1000.0,1000.0,36.0
Petrozavodsk,Petrozavodsk,,,,,,
Novosibirsk,Novosibirsk,U.S.S.R.,195.0,19.0,900.0,900.0,34.0
Eritrea,Eritrea,Italy,89.0,9.0,750.0,,20.0
Nino_Bixio,Nino_Bixio,Italy,104.0,10.0,815.0,850.0,26.0
Taranto,Taranto,Italy,104.0,10.0,,835.0,28.0
Alberto_di_Giussano,Alberto_di_Giussano,Italy,128.0,12.0,850.0,850.0,36.0
Raimondo_Montecuccoli,Raimondo_Montecuccoli,Italy,126.0,13.0,850.0,850.0,37.0
Genova,Genova,Italy,131.0,14.0,811.0,840.0,34.0
Trento,Trento,Italy,134.0,14.0,850.0,840.0,35.0
Duca_d'Aosta,Duca_d'Aosta,Italy,129.0,14.0,950.0,1000.0,36.0
Zara,Zara,Italy,144.0,14.0,850.0,900.0,32.0
Duca_degli_Abruzzi,Duca_degli_Abruzzi,Italy,136.0,15.0,995.0,910.0,35.0
Francesco_Ferruccio,Francesco_Ferruccio,Italy,153.0,17.0,995.0,,36.0
Gorizia,Gorizia,Italy,140.0,15.0,850.0,900.0,33.0
AL_Gorizia,AL_Gorizia,,,,,,
Amalfi,Amalfi,Italy,134.0,14.0,860.0,910.0,37.0
Brindisi,Brindisi,Italy,140.0,15.0,860.0,910.0,36.0
Michelangelo,Michelangelo,Italy,190.0,17.0,,830.0,33.0
Ferrante_Gonzaga,Ferrante_Gonzaga,,,,,,
Venezia,Venezia,Italy,151.0,17.0,860.0,910.0,36.0
Napoli,Napoli,Italy,177.0,16.0,954.0,945.0,35.0
Napoli_B,Napoli_B,Italy,177.0,16.0,954.0,945.0,35.0
Varese,Varese,,,,,,
Ravenna,Ravenna,,,,,,
Piemonte,Piemonte,Italy,155.0,17.0,875.0,945.0,37.0
Hércules,Hércules,Pan-America,101.0,8.0,811.0,,20.0
Almirante_Barroso,Almirante_Barroso,Pan-America,90.0,9.0,675.0,853.0,20.0
Almirante_Abreu,Almirante_Abreu,Pan-America,83.0,9.0,853.0,853.0,20.0
Vicente_Guerrero,Vicente_Guerrero,Pan-America,109.0,11.0,890.0,900.0,25.0
Córdoba,Córdoba,Pan-America,109.0,11.0,,853.0,29.0
La_Argentina,La_Argentina,Pan-America,122.0,12.0,811.0,841.0,30.0
Almirante_Cochrane,Almirante_Cochrane,Pan-America,113.0,13.0,850.0,850.0,34.0
Coronel_Bolognesi,Coronel_Bolognesi,Pan-America,117.0,13.0,811.0,841.0,31.0
Nueve_de_Julio,Nueve_de_Julio,Pan-America,126.0,13.0,812.0,762.0,30.0
Ignacio_Allende,Ignacio_Allende,Pan-America,118.0,13.0,,812.0,33.0
Almirante_Grau,Almirante_Grau,Pan-America,143.0,16.0,900.0,900.0,32.0
Santander,Santander,Pan-America,118.0,13.0,,812.0,33.0
San_Martín,San_Martín,Pan-America,131.0,15.0,,812.0,34.0
Hashidate,Hashidate,Japan,83.0,9.0,825.0,,19.0
Chikuma,Chikuma,Japan,92.0,9.0,825.0,825.0,26.0
Tenryū,Tenryū,Japan,118.0,11.0,850.0,850.0,32.0
Katori,Katori,Japan,126.0,13.0,850.0,850.0,18.0
Yūbari,Yūbari,Japan,121.0,12.0,850.0,850.0,34.0
Kuma,Kuma,Japan,113.0,11.0,850.0,850.0,34.0
Iwaki_Alpha,Iwaki_Alpha,Japan,106.0,10.0,850.0,850.0,35.0
Furutaka,Furutaka,Japan,109.0,12.0,870.0,870.0,34.0
Agano,Agano,Japan,119.0,12.0,850.0,850.0,35.0
Yahagi,Yahagi,Japan,135.0,14.0,850.0,850.0,35.0
Aoba,Aoba,Japan,116.0,13.0,840.0,840.0,35.0
Gokase,Gokase,Japan,128.0,12.0,850.0,850.0,37.0
Myōkō,Myōkō,Japan,131.0,15.0,840.0,840.0,35.0
Omono,Omono,Japan,134.0,14.0,925.0,925.0,33.0
Tokachi,Tokachi,Japan,126.0,13.0,915.0,915.0,34.0
Maya,Maya,Japan,129.0,15.0,840.0,840.0,35.0
ARP_Myōkō,ARP_Myōkō,Japan,131.0,15.0,840.0,840.0,35.0
ARP_Ashigara,ARP_Ashigara,Japan,131.0,15.0,840.0,840.0,35.0
ARP_Haguro,ARP_Haguro,Japan,709.0,15.0,840.0,840.0,35.0
Southern_Dragon,Southern_Dragon,Japan,131.0,15.0,840.0,840.0,35.0
Eastern_Dragon,Eastern_Dragon,Japan,131.0,15.0,840.0,840.0,35.0
ARP_Nachi,ARP_Nachi,Japan,131.0,15.0,840.0,840.0,35.0
Mogami,Mogami,Japan,131.0,14.0,925.0,925.0,34.0
Tone,Tone,Japan,132.0,15.0,840.0,840.0,35.0
Atago,Atago,Japan,133.0,15.0,840.0,840.0,35.0
Shimanto,Shimanto,Japan,147.0,15.0,930.0,930.0,34.0
Atago_B,Atago_B,Japan,133.0,15.0,840.0,840.0,35.0
ARP_Takao,ARP_Takao,Japan,133.0,15.0,840.0,840.0,35.0
ARP_Maya,ARP_Maya,,5.0,8.0,,,1.0
Tone_2,Tone_2,,,,,,
Tone_3,Tone_3,,,,,,
Ibuki,Ibuki,Japan,127.0,15.0,840.0,840.0,35.0
Takahashi,Takahashi,Japan,136.0,15.0,930.0,930.0,34.0
Azuma,Azuma,Japan,196.0,19.0,836.0,836.0,34.0
AL_Azuma,AL_Azuma,Japan,196.0,19.0,836.0,836.0,34.0
Chikuma_II,Chikuma_II,Japan,132.0,15.0,840.0,840.0,35.0
Chikuma_II_Golden,Chikuma_II_Golden,Japan,132.0,15.0,840.0,840.0,335.0
Suzuya,Suzuya,,,,,,
Suzuya_Golden,Suzuya_Golden,,,,,,
BA_Takahashi,BA_Takahashi,Japan,5.0,5.0,,,5.0
Azuma_B,Azuma_B,,,,,,
Zaō,Zaō,Japan,136.0,16.0,920.0,920.0,34.0
Yodo,Yodo,Japan,157.0,18.0,930.0,930.0,34.0
Yoshino,Yoshino,Japan,217.0,21.0,836.0,836.0,34.0
Yoshino_B,Yoshino_B,Japan,217.0,21.0,836.0,836.0,34.0
Kitakami,Kitakami,Japan,110.0,11.0,850.0,,36.0
Yari,Yari,Japan,137.0,15.0,920.0,920.0,34.0
Zaō_CLR,Zaō_CLR,Japan,5.0,8.0,,,5.0
Black_Swan,Black_Swan,U.K.,80.0,8.0,811.0,,19.0
Weymouth,Weymouth,U.K.,102.0,10.0,,773.0,26.0
Caledon,Caledon,U.K.,107.0,10.0,,853.0,29.0
Danae,Danae,U.K.,118.0,11.0,,853.0,30.0
Emerald,Emerald,U.K.,126.0,12.0,811.0,936.0,33.0
Hawkins,Hawkins,U.K.,205.0,12.0,844.0,844.0,30.0
Exeter,Exeter,U.K.,131.0,14.0,855.0,855.0,32.0
Leander,Leander,U.K.,123.0,11.0,811.0,841.0,32.0
Devonshire,Devonshire,U.K.,120.0,12.0,814.0,814.0,31.0
London,London,U.K.,133.0,13.0,855.0,855.0,32.0
Dido,Dido,U.K.,130.0,14.0,792.0,792.0,32.0
Orion_'44,Orion_'44,U.K.,133.0,14.0,811.0,841.0,32.0
Fiji,Fiji,U.K.,129.0,13.0,811.0,841.0,32.0
Surrey,Surrey,U.K.,135.0,13.0,814.0,814.0,30.0
Belfast,Belfast,U.K.,139.0,15.0,841.0,841.0,32.0
Edinburgh,Edinburgh,U.K.,129.0,14.0,811.0,841.0,32.0
Albemarle,Albemarle,U.K.,131.0,14.0,814.0,814.0,33.0
Cheshire,Cheshire,U.K.,144.0,16.0,841.0,841.0,34.0
Tiger_'59,Tiger_'59,U.K.,69.0,15.0,,768.0,30.0
Belfast_'43,Belfast_'43,U.K.,139.0,15.0,841.0,841.0,32.0
Hampshire,Hampshire,U.K.,148.0,16.0,811.0,884.0,30.0
Nottingham,Nottingham,U.K.,141.0,15.0,814.0,814.0,34.0
AL_Cheshire,AL_Cheshire,U.K.,144.0,16.0,841.0,841.0,34.0
STAR_Edinburgh,STAR_Edinburgh,U.K.,888.0,15.0,811.0,841.0,32.0
Neptune,Neptune,U.K.,147.0,15.0,746.0,768.0,33.0
Drake,Drake,U.K.,142.0,14.0,841.0,841.0,33.0
Monmouth,Monmouth,,,,,,
Minotaur,Minotaur,U.K.,141.0,15.0,,768.0,33.0
Goliath,Goliath,U.K.,148.0,16.0,841.0,841.0,33.0
Plymouth,Plymouth,U.K.,138.0,15.0,811.0,841.0,31.0
Gibraltar,Gibraltar,U.K.,149.0,16.0,746.0,841.0,32.0
Defence,Defence,U.K.,159.0,18.0,757.0,757.0,33.0
Edgar,Edgar,U.K.,147.0,16.0,,768.0,34.0
Bougainville,Bougainville,France,86.0,9.0,700.0,,19.0
Jurien_de_la_Gravière,Jurien_de_la_Gravière,France,102.0,9.0,770.0,770.0,23.0
Friant,Friant,France,113.0,11.0,840.0,790.0,30.0
Duguay,Duguay,France,104.0,13.0,870.0,870.0,33.0
Émile_Bertin,Émile_Bertin,France,136.0,13.0,870.0,870.0,39.0
La_Galissonnière,La_Galissonnière,France,132.0,14.0,870.0,870.0,31.0
De_Grasse,De_Grasse,France,144.0,16.0,870.0,870.0,33.0
Dupleix,Dupleix,France,136.0,15.0,850.0,820.0,32.0
Montcalm,Montcalm,France,157.0,18.0,870.0,870.0,31.0
Algérie,Algérie,France,145.0,16.0,850.0,820.0,31.0
Toulon,Toulon,France,188.0,16.0,905.0,798.0,30.0
Charles_Martel,Charles_Martel,France,143.0,15.0,850.0,820.0,32.0
Cherbourg,Cherbourg,France,196.0,16.0,905.0,870.0,31.0
Bayard,Bayard,France,146.0,16.0,870.0,870.0,34.0
Metz,Metz,,,,,,
Saint,Saint,France,148.0,16.0,876.0,845.0,33.0
Brest,Brest,France,187.0,16.0,885.0,870.0,31.0
Carnot,Carnot,France,203.0,18.0,905.0,870.0,34.0
Le_Havre,Le_Havre,,,,,,
Henri_IV,Henri_IV,France,164.0,19.0,845.0,845.0,35.0
Marseille,Marseille,France,212.0,19.0,885.0,870.0,33.0
Colbert,Colbert,France,118.0,13.0,808.0,808.0,33.0
Brennus,Brennus,France,273.0,20.0,905.0,870.0,35.0
Amiral_Lartigue,Amiral_Lartigue,France,330.0,10.0,,,1.0
Condé,Condé,France,167.0,19.0,845.0,845.0,34.0
Chengan,Chengan,Pan-Asia,101.0,8.0,725.0,,19.0
Ning_Hai,Ning_Hai,Pan-Asia,120.0,12.0,850.0,850.0,21.0
Chungking,Chungking,Pan-Asia,114.0,11.0,841.0,841.0,32.0
Rahmat,Rahmat,Pan-Asia,126.0,12.0,746.0,746.0,32.0
Huanghe,Huanghe,Pan-Asia,123.0,13.0,950.0,950.0,33.0
Chumphon,Chumphon,Pan-Asia,130.0,12.0,792.0,792.0,32.0
Harbin,Harbin,Pan-Asia,133.0,13.0,870.0,870.0,33.0
Irian,Irian,Pan-Asia,153.0,17.0,950.0,950.0,32.0
Wukong,Wukong,Pan-Asia,154.0,17.0,876.0,845.0,32.0
Sejong,Sejong,Pan-Asia,127.0,13.0,808.0,808.0,33.0
Dalian,Dalian,Pan-Asia,130.0,13.0,950.0,950.0,33.0
Mengchong,Mengchong,Pan-Asia,203.0,18.0,865.0,865.0,33.0
Tianjin,Tianjin,Pan-Asia,166.0,19.0,995.0,995.0,33.0
Jinan,Jinan,Pan-Asia,139.0,15.0,808.0,808.0,35.0
Incheon,Incheon,,,,,,
Júpiter,Júpiter,Spain,83.0,9.0,808.0,,18.0
Méndez_Núñez,Méndez_Núñez,Spain,114.0,10.0,808.0,808.0,29.0
Navarra,Navarra,Spain,109.0,11.0,900.0,900.0,25.0
Almirante_Cervera,Almirante_Cervera,Spain,129.0,12.0,900.0,900.0,33.0
Galicia,Galicia,Spain,136.0,13.0,900.0,900.0,33.0
Baleares,Baleares,Spain,140.0,14.0,855.0,855.0,33.0
Canarias,Canarias,Spain,144.0,16.0,808.0,814.0,33.0
Asturias,Asturias,Spain,131.0,14.0,900.0,900.0,35.0
Cataluña,Cataluña,Spain,136.0,15.0,900.0,900.0,37.0
Numancia,Numancia,Spain,137.0,15.0,814.0,814.0,33.0
Andalucía,Andalucía,Spain,148.0,15.0,841.0,841.0,36.0
Almirante_Oquendo,Almirante_Oquendo,Spain,154.0,17.0,814.0,814.0,36.0
Castilla,Castilla,Spain,151.0,17.0,954.0,945.0,37.0
Willem_de_Eerste,Willem_de_Eerste,,,,,,
South_Carolina,South_Carolina,U.S.A.,202.0,14.0,823.0,823.0,15.0
Wyoming,Wyoming,U.S.A.,203.0,14.0,884.0,884.0,17.0
Arkansas_Beta,Arkansas_Beta,U.S.A.,203.0,14.0,884.0,884.0,20.0
New_York,New_York,U.S.A.,240.0,16.0,834.0,792.0,18.0
Oklahoma,Oklahoma,U.S.A.,231.0,17.0,792.0,792.0,19.0
Texas,Texas,U.S.A.,224.0,16.0,834.0,792.0,20.0
New_Mexico,New_Mexico,U.S.A.,220.0,14.0,861.0,823.0,18.0
Arizona,Arizona,U.S.A.,220.0,16.0,834.0,792.0,21.0
W._Virginia_'41,W._Virginia_'41,U.S.A.,220.0,16.0,803.0,768.0,21.0
Colorado,Colorado,U.S.A.,231.0,17.0,803.0,768.0,18.0
Florida,Florida,U.S.A.,204.0,18.0,861.0,823.0,27.0
West_Virginia_'44,West_Virginia_'44,U.S.A.,231.0,17.0,803.0,768.0,21.0
California,California,U.S.A.,259.0,19.0,861.0,823.0,20.0
Colorado_2,Colorado_2,,,,,,
North_Carolina,North_Carolina,U.S.A.,292.0,21.0,820.0,701.0,24.0
Kansas,Kansas,U.S.A.,266.0,20.0,803.0,768.0,23.0
Nebraska,Nebraska,U.S.A.,250.0,19.0,820.0,701.0,30.0
Alabama,Alabama,U.S.A.,271.0,21.0,803.0,701.0,27.0
Massachusetts,Massachusetts,U.S.A.,242.0,18.0,803.0,701.0,27.0
Alabama_VL,Alabama_VL,U.S.A.,271.0,21.0,803.0,701.0,27.0
Constellation,Constellation,U.S.A.,194.0,17.0,803.0,768.0,33.0
Massachusetts_B,Massachusetts_B,U.S.A.,242.0,18.0,803.0,701.0,27.0
Alabama_ST,Alabama_ST,U.S.A.,271.0,21.0,803.0,701.0,27.0
Tennessee,Tennessee,U.S.A.,116.0,20.0,861.0,823.0,20.0
North_Carolina_CLR,North_Carolina_CLR,U.S.A.,292.0,23.0,820.0,701.0,27.0
Alabama_B,Alabama_B,,,,,,
Volunteer_State,Volunteer_State,,,,,,
North_Carolina_2,North_Carolina_2,,,,,,
Iowa,Iowa,U.S.A.,272.0,21.0,820.0,762.0,28.0
Minnesota,Minnesota,U.S.A.,271.0,21.0,820.0,762.0,23.0
Delaware,Delaware,U.S.A.,275.0,19.0,820.0,762.0,33.0
Missouri,Missouri,U.S.A.,293.0,23.0,820.0,762.0,33.0
Kearsarge,Kearsarge,U.S.A.,255.0,19.0,820.0,701.0,30.0
Illinois,Illinois,U.S.A.,203.0,18.0,823.0,762.0,32.0
Kearsarge_B,Kearsarge_B,U.S.A.,255.0,19.0,820.0,701.0,30.0
Georgia,Georgia,U.S.A.,216.0,20.0,800.0,732.0,33.0
AL_Kearsarge,AL_Kearsarge,,,,,,
Iowa_2,Iowa_2,,,,,,
Montana,Montana,U.S.A.,296.0,23.0,820.0,762.0,30.0
Vermont,Vermont,U.S.A.,305.0,24.0,800.0,732.0,23.0
Louisiana,Louisiana,U.S.A.,288.0,22.0,820.0,762.0,31.0
Ohio,Ohio,U.S.A.,273.0,21.0,800.0,732.0,28.0
Oregon,Oregon,,,,,,
Rhode_Island,Rhode_Island,U.S.A.,224.0,21.0,861.0,823.0,33.0
Wisconsin,Wisconsin,U.S.A.,244.0,23.0,820.0,762.0,32.0
BA_Montana,BA_Montana,U.S.A.,296.0,23.0,820.0,762.0,30.0
Montana_2,Montana_2,,,,,,
Utah,Utah,,,,,,
Maine,Maine,U.S.A.,302.0,24.0,820.0,762.0,30.0
Yukon,Yukon,Commonwealth,216.0,15.0,731.0,836.0,28.0
Irresistible,Irresistible,,,,,,
Viribus_Unitis,Viribus_Unitis,Europe,222.0,16.0,800.0,800.0,20.0
Lugdunum,Lugdunum,Europe,237.0,17.0,921.0,780.0,27.0
Karl_XIV_Johan,Karl_XIV_Johan,Europe,250.0,19.0,865.0,865.0,30.0
Niord,Niord,Europe,274.0,21.0,820.0,820.0,32.0
Nassau,Nassau,Germany,168.0,10.0,855.0,855.0,18.0
Von_der_Tann,Von_der_Tann,Germany,155.0,11.0,855.0,855.0,27.0
König_Albert,König_Albert,Germany,178.0,11.0,850.0,855.0,21.0
Kaiser,Kaiser,Germany,205.0,14.0,850.0,855.0,22.0
Moltke,Moltke,Germany,173.0,13.0,855.0,855.0,28.0
König,König,Germany,209.0,14.0,850.0,850.0,21.0
Derfflinger,Derfflinger,Germany,181.0,14.0,850.0,855.0,26.0
Bayern,Bayern,Germany,237.0,16.0,800.0,800.0,22.0
Mackensen,Mackensen,Germany,187.0,15.0,815.0,815.0,28.0
Prinz_Eitel_Friedrich,Prinz_Eitel_Friedrich,Germany,238.0,17.0,815.0,815.0,28.0
Gneisenau,Gneisenau,Germany,255.0,17.0,820.0,820.0,28.0
Prinz_Heinrich,Prinz_Heinrich,Germany,180.0,15.0,800.0,800.0,28.0
Scharnhorst,Scharnhorst,Germany,258.0,19.0,890.0,890.0,30.0
AL_Prinz_Heinrich,AL_Prinz_Heinrich,Germany,194.0,17.0,800.0,800.0,28.0
Scharnhorst_B,Scharnhorst_B,Germany,258.0,19.0,890.0,890.0,30.0
Scharnhorst_'43,Scharnhorst_'43,Germany,248.0,18.0,890.0,890.0,30.0
Tirpitz,Tirpitz,Germany,274.0,21.0,820.0,820.0,30.0
Bismarck,Bismarck,Germany,272.0,19.0,820.0,820.0,28.0
Zieten,Zieten,Germany,185.0,16.0,810.0,810.0,31.0
Odin,Odin,Germany,250.0,19.0,865.0,865.0,30.0
Brandenburg,Brandenburg,Germany,244.0,18.0,865.0,865.0,32.0
Anhalt,Anhalt,Germany,271.0,21.0,815.0,815.0,25.0
Brandenburg_B,Brandenburg_B,Germany,244.0,18.0,865.0,865.0,32.0
Tirpitz_B,Tirpitz_B,Germany,274.0,21.0,820.0,820.0,30.0
BA_Tirpitz,BA_Tirpitz,Germany,5.0,0.0,,,5.0
Odin_TE,Odin_TE,,,,,,
AL_Bismarck,AL_Bismarck,,,,,,
Friedrich_der_Grosse,Friedrich_der_Grosse,Germany,263.0,18.0,810.0,810.0,27.0
Prinz_Rupprecht,Prinz_Rupprecht,Germany,205.0,17.0,810.0,810.0,32.0
Pommern,Pommern,Germany,273.0,21.0,820.0,820.0,31.0
Pommern_B,Pommern_B,Germany,273.0,21.0,820.0,820.0,31.0
Prinz_Sigismund,Prinz_Sigismund,,,,,,
Grosser_Kurfürst,Grosser_Kurfürst,Germany,266.0,20.0,810.0,810.0,30.0
Schlieffen,Schlieffen,Germany,214.0,19.0,835.0,835.0,34.0
Preussen,Preussen,Germany,266.0,20.0,810.0,810.0,30.0
Mecklenburg,Mecklenburg,Germany,232.0,21.0,865.0,865.0,32.0
Hannover,Hannover,Germany,274.0,21.0,810.0,810.0,30.0
Knyaz_Suvorov,Knyaz_Suvorov,U.S.S.R.,169.0,11.0,762.0,762.0,22.0
Imperator_Nikolai_I,Imperator_Nikolai_I,U.S.S.R.,201.0,14.0,762.0,762.0,21.0
Gangut,Gangut,U.S.S.R.,180.0,12.0,762.0,762.0,23.0
Pyotr_Velikiy,Pyotr_Velikiy,U.S.S.R.,223.0,14.0,731.0,823.0,26.0
Oktyabrskaya_Revolutsiya,Oktyabrskaya_Revolutsiya,U.S.S.R.,228.0,16.0,762.0,762.0,23.0
Izmail,Izmail,U.S.S.R.,216.0,15.0,731.0,823.0,28.0
Novorossiysk,Novorossiysk,U.S.S.R.,194.0,17.0,830.0,830.0,27.0
Sinop,Sinop,U.S.S.R.,220.0,15.0,766.0,766.0,27.0
Poltava,Poltava,U.S.S.R.,243.0,18.0,895.0,895.0,29.0
Arkhangelsk,Arkhangelsk,,,,,,
Vladivostok,Vladivostok,U.S.S.R.,227.0,16.0,793.0,793.0,29.0
Lenin,Lenin,U.S.S.R.,251.0,18.0,793.0,793.0,28.0
Borodino,Borodino,U.S.S.R.,212.0,19.0,830.0,830.0,31.0
Borodino_TE,Borodino_TE,,,,,,
Sovetsky_Soyuz,Sovetsky_Soyuz,U.S.S.R.,263.0,17.0,830.0,830.0,28.0
Navarin,Navarin,U.S.S.R.,268.0,20.0,793.0,793.0,27.0
AL_Sov._Rossiya,AL_Sov._Rossiya,U.S.S.R.,253.0,19.0,830.0,830.0,28.0
Zarya_Svobody,Zarya_Svobody,U.S.S.R.,253.0,19.0,830.0,830.0,28.0
Kremlin,Kremlin,U.S.S.R.,279.0,20.0,800.0,800.0,29.0
Slava,Slava,U.S.S.R.,228.0,24.0,870.0,870.0,29.0
Sibir,Sibir,,,,,,
Admiral_Ushakov,Admiral_Ushakov,U.S.S.R.,286.0,21.0,800.0,800.0,30.0
Dante_Alighieri,Dante_Alighieri,Italy,208.0,13.0,840.0,840.0,23.0
Conte_di_Cavour,Conte_di_Cavour,Italy,209.0,14.0,840.0,840.0,22.0
Giulio_Cesare,Giulio_Cesare,Italy,226.0,16.0,830.0,830.0,27.0
Andrea_Doria,Andrea_Doria,Italy,219.0,15.0,825.0,830.0,27.0
Francesco_Caracciolo,Francesco_Caracciolo,Italy,222.0,15.0,860.0,850.0,29.0
Vittorio_Veneto,Vittorio_Veneto,Italy,243.0,16.0,860.0,850.0,30.0
Roma,Roma,Italy,243.0,18.0,880.0,850.0,30.0
AL_Littorio,AL_Littorio,Italy,243.0,18.0,880.0,850.0,30.0
Marcantonio_Colonna,Marcantonio_Colonna,,,,,,
Lepanto,Lepanto,Italy,243.0,16.0,860.0,850.0,29.0
Marco_Polo,Marco_Polo,Italy,252.0,19.0,860.0,836.0,32.0
Giuseppe_Verdi,Giuseppe_Verdi,Italy,253.0,19.0,836.0,836.0,32.0
Cristoforo_Colombo,Cristoforo_Colombo,Italy,251.0,18.0,860.0,850.0,29.0
Ruggiero_di_Lauria,Ruggiero_di_Lauria,Italy,209.0,19.0,,762.0,35.0
Sicilia,Sicilia,Italy,251.0,18.0,880.0,850.0,29.0
Amerigo_Vespucci,Amerigo_Vespucci,,,,,,
Rio_de_Janeiro,Rio_de_Janeiro,Pan-America,221.0,16.0,831.0,831.0,22.0
Ipiranga,Ipiranga,Pan-America,247.0,18.0,747.0,757.0,29.0
Atlântico,Atlântico,Pan-America,245.0,18.0,792.0,804.0,25.0
Los_Andes,Los_Andes,Pan-America,256.0,19.0,804.0,804.0,30.0
Valparaíso,Valparaíso,,,,,,
Libertad,Libertad,Pan-America,265.0,20.0,804.0,747.0,30.0
Comodoro,Comodoro,,,,,,
Mikasa,Mikasa,Japan,160.0,11.0,732.0,732.0,18.0
Kawachi,Kawachi,Japan,162.0,9.0,810.0,810.0,18.0
Myōgi,Myōgi,Japan,218.0,15.0,805.0,790.0,24.0
Ishizuchi,Ishizuchi,Japan,194.0,15.0,831.0,831.0,27.0
Kongō,Kongō,Japan,236.0,19.0,805.0,790.0,24.0
ARP_Kongō,ARP_Kongō,Japan,236.0,21.0,805.0,775.0,30.0
ARP_Kirishima,ARP_Kirishima,Japan,236.0,21.0,805.0,775.0,30.0
ARP_Haruna,ARP_Haruna,Japan,236.0,21.0,805.0,775.0,30.0
ARP_Hiei,ARP_Hiei,Japan,236.0,21.0,805.0,775.0,30.0
HSF_Hiei,HSF_Hiei,Japan,236.0,21.0,805.0,775.0,30.0
Fusō,Fusō,Japan,226.0,19.0,805.0,775.0,21.0
Mutsu,Mutsu,Japan,230.0,20.0,805.0,790.0,26.0
Ise,Ise,Japan,238.0,21.0,805.0,775.0,24.0
Ise_2,Ise_2,,,,,,
Ise_3,Ise_3,,,,,,
Nagato,Nagato,Japan,231.0,20.0,805.0,806.0,22.0
Ashitaka,Ashitaka,Japan,227.0,19.0,805.0,806.0,30.0
Hyūga,Hyūga,Japan,230.0,20.0,805.0,775.0,25.0
Amagi,Amagi,Japan,227.0,18.0,805.0,806.0,28.0
Yumihari,Yumihari,Japan,248.0,20.0,834.0,870.0,30.0
Kii,Kii,Japan,223.0,19.0,805.0,806.0,29.0
Ignis_Purgatio,Ignis_Purgatio,Japan,227.0,19.0,805.0,806.0,30.0
Ragnarok,Ragnarok,Japan,227.0,19.0,805.0,806.0,30.0
Izumo,Izumo,Japan,225.0,19.0,869.0,870.0,27.0
Adatara,Adatara,Japan,240.0,21.0,805.0,860.0,30.0
Musashi,Musashi,Japan,274.0,26.0,805.0,780.0,27.0
Hizen,Hizen,Japan,230.0,20.0,834.0,834.0,28.0
Iwami,Iwami,Japan,244.0,22.0,834.0,834.0,28.0
Daisen,Daisen,Japan,232.0,20.0,869.0,870.0,35.0
Tsurugi,Tsurugi,Japan,233.0,23.0,805.0,860.0,35.0
Iwami_B,Iwami_B,Japan,244.0,22.0,834.0,834.0,28.0
Hotaka,Hotaka,,,,,,
Yamato,Yamato,Japan,275.0,26.0,805.0,780.0,27.0
Bungo,Bungo,Japan,264.0,25.0,805.0,860.0,30.0
Shikishima,Shikishima,Japan,249.0,26.0,765.0,765.0,27.0
ARP_Yamato,ARP_Yamato,Japan,275.0,26.0,805.0,780.0,27.0
Satsuma,Satsuma,Japan,278.0,27.0,765.0,765.0,27.0
Bellerophon,Bellerophon,U.K.,210.0,13.0,831.0,831.0,20.0
Indefatigable,Indefatigable,U.K.,159.0,13.0,831.0,831.0,25.0
Dreadnought,Dreadnought,U.K.,196.0,13.0,831.0,831.0,21.0
Orion,Orion,U.K.,218.0,14.0,787.0,787.0,19.0
Queen_Mary,Queen_Mary,U.K.,158.0,13.0,787.0,787.0,27.0
Iron_Duke,Iron_Duke,U.K.,227.0,15.0,759.0,759.0,20.0
Tiger,Tiger,U.K.,172.0,14.0,787.0,787.0,29.0
Agincourt,Agincourt,U.K.,213.0,15.0,831.0,831.0,22.0
Warspite,Warspite,U.K.,218.0,16.0,732.0,732.0,23.0
Queen_Elizabeth,Queen_Elizabeth,U.K.,211.0,15.0,731.0,731.0,22.0
Renown,Renown,U.K.,198.0,15.0,732.0,732.0,29.0
Repulse,Repulse,U.K.,213.0,19.0,731.0,731.0,31.0
Repulse_B,Repulse_B,U.K.,213.0,19.0,731.0,731.0,31.0
King_George_V,King_George_V,U.K.,241.0,16.0,757.0,757.0,26.0
Rooke,Rooke,U.K.,186.0,16.0,836.0,836.0,31.0
Hood,Hood,U.K.,242.0,18.0,731.0,731.0,32.0
Nelson,Nelson,U.K.,242.0,18.0,788.0,788.0,24.0
Duke_of_York,Duke_of_York,U.K.,241.0,18.0,757.0,757.0,28.0
Collingwood,Collingwood,U.K.,250.0,19.0,792.0,747.0,25.0
Renown_'44,Renown_'44,U.K.,189.0,16.0,732.0,732.0,29.0
Rodney,Rodney,U.K.,247.0,18.0,792.0,788.0,27.0
Royal_Sovereign,Royal_Sovereign,,,,,,
Monarch,Monarch,U.K.,238.0,17.0,836.0,836.0,26.0
Hawke,Hawke,U.K.,206.0,17.0,792.0,747.0,30.0
Vanguard,Vanguard,U.K.,257.0,20.0,804.0,804.0,30.0
Lion,Lion,U.K.,271.0,19.0,792.0,747.0,28.0
Duncan,Duncan,U.K.,213.0,17.0,792.0,747.0,32.0
Marlborough,Marlborough,U.K.,268.0,20.0,757.0,757.0,31.0
Scarlet_Thunder,Scarlet_Thunder,U.K.,282.0,22.0,792.0,747.0,32.0
Conqueror,Conqueror,U.K.,302.0,24.0,792.0,747.0,29.0
St._Vincent,St._Vincent,U.K.,220.0,20.0,757.0,762.0,32.0
Thunderer,Thunderer,U.K.,228.0,21.0,757.0,762.0,29.0
Incomparable,Incomparable,U.K.,195.0,17.0,751.0,751.0,33.0
Cumberland,Cumberland,,,,,,
Devastation,Devastation,U.K.,304.0,24.0,792.0,747.0,30.0
Turenne,Turenne,France,177.0,11.0,905.0,798.0,19.0
Courbet,Courbet,France,221.0,15.0,905.0,798.0,19.0
Bretagne,Bretagne,France,227.0,16.0,921.0,780.0,19.0
Normandie,Normandie,France,242.0,17.0,921.0,780.0,28.0
Dunkerque,Dunkerque,France,244.0,18.0,885.0,870.0,29.0
Dunkerque_B,Dunkerque_B,France,244.0,18.0,885.0,870.0,29.0
Lyon,Lyon,France,248.0,16.0,921.0,780.0,25.0
Strasbourg,Strasbourg,France,253.0,19.0,885.0,870.0,29.0
Richelieu,Richelieu,France,313.0,22.0,830.0,830.0,30.0
Gascogne,Gascogne,France,299.0,23.0,830.0,830.0,32.0
Champagne,Champagne,France,258.0,25.0,850.0,850.0,34.0
Flandre,Flandre,France,262.0,20.0,830.0,830.0,33.0
Picardie,Picardie,France,288.0,22.0,905.0,798.0,27.0
Alsace,Alsace,France,264.0,18.0,830.0,830.0,30.0
Jean_Bart,Jean_Bart,France,306.0,24.0,830.0,830.0,30.0
Jean_Bart_B,Jean_Bart_B,France,306.0,24.0,830.0,830.0,30.0
République,République,France,321.0,26.0,840.0,840.0,30.0
Bourgogne,Bourgogne,France,309.0,24.0,830.0,830.0,32.0
Patrie,Patrie,France,326.0,26.0,840.0,840.0,31.0
Teng_She,Teng_She,Pan-Asia,248.0,18.0,767.0,767.0,27.0
Bajie,Bajie,Pan-Asia,266.0,25.0,869.0,870.0,28.0
Wujing,Wujing,Pan-Asia,264.0,20.0,830.0,830.0,32.0
Sun_Yat,Sun_Yat,Pan-Asia,209.0,19.0,800.0,800.0,28.0
Louchuan,Louchuan,Pan-Asia,271.0,21.0,792.0,747.0,29.0
Xuan_Wu,Xuan_Wu,Pan-Asia,5.0,5.0,,,5.0
Taihang,Taihang,,,,,,
Victoria,Victoria,Spain,298.0,20.0,950.0,950.0,30.0
Langley,Langley,U.S.A.,5.0,3.0,960.0,,15.0
Bogue,Bogue,Promo=<!-- in case of gift or promo ship write conditions to get it. -->,,,,,
Independence,Independence,U.S.A.,5.0,3.0,,,31.0
Ranger,Ranger,U.S.A.,5.0,4.0,657.0,,29.0
Saipan,Saipan,U.S.A.,5.0,3.0,,,33.0
Lexington,Lexington,U.S.A.,5.0,4.0,792.0,,33.0
Yorktown,Yorktown,U.S.A.,5.0,4.0,792.0,,32.0
Enterprise,Enterprise,U.S.A.,5.0,4.0,792.0,,32.0
Hornet,Hornet,U.S.A.,5.0,6.0,792.0,,32.0
Saipan_B,Saipan_B,U.S.A.,5.0,3.0,,,33.0
AL_Hornet,AL_Hornet,U.S.A.,5.0,6.0,,,32.0
Essex,Essex,U.S.A.,5.0,5.0,792.0,,33.0
Midway,Midway,U.S.A.,5.0,5.0,808.0,,33.0
Franklin_D._Roosevelt,Franklin_D._Roosevelt,U.S.A.,5.0,5.0,808.0,,33.0
United_States,United_States,U.S.A.,5.0,7.0,808.0,,33.0
Rhein,Rhein,Germany,5.0,4.0,950.0,,26.0
Weser,Weser,Germany,5.0,5.0,900.0,,32.0
Erich_Loewenhardt,Erich_Loewenhardt,Germany,5.0,5.0,900.0,,35.0
August_von_Parseval,August_von_Parseval,Germany,5.0,6.0,900.0,,31.0
Graf_Zeppelin,Graf_Zeppelin,Germany,5.0,6.0,900.0,,32.0
Graf_Zeppelin_B,Graf_Zeppelin_B,Germany,5.0,6.0,900.0,,32.0
Manfred_von_Richthofen,Manfred_von_Richthofen,Germany,5.0,6.0,900.0,,32.0
Werner_Voss,Werner_Voss,,,,,,
Max_Immelmann,Max_Immelmann,Germany,5.0,6.0,900.0,,32.0
Otto_Lilienthal,Otto_Lilienthal,,,,,,
Komsomolets,Komsomolets,U.S.S.R.,5.0,4.0,823.0,,17.0
Serov,Serov,U.S.S.R.,5.0,5.0,792.0,,35.0
Pobeda,Pobeda,U.S.S.R.,5.0,6.0,900.0,,33.0
Chkalov,Chkalov,U.S.S.R.,5.0,6.0,900.0,,32.0
Chkalov_B,Chkalov_B,U.S.S.R.,5.0,6.0,900.0,,32.0
Admiral_Nakhimov,Admiral_Nakhimov,U.S.S.R.,5.0,7.0,950.0,,31.0
Admiral_Orlov,Admiral_Orlov,,,,,,
Aquila,Aquila,Italy,5.0,6.0,875.0,,30.0
Hōshō,Hōshō,Japan,5.0,3.0,850.0,,25.0
Zuihō,Zuihō,,,,,,
Ryūjō,Ryūjō,Japan,5.0,4.0,725.0,,28.0
Hiryū,Hiryū,,,,,,
Kaga,Kaga,Japan,5.0,4.0,725.0,,28.0
Shōkaku,Shōkaku,Japan,5.0,4.0,725.0,,34.0
Kaga_B,Kaga_B,Japan,5.0,4.0,725.0,,28.0
Taihō,Taihō,,,,,,
Hakuryū,Hakuryū,Japan,5.0,5.0,1000.0,,34.0
Shinano,Shinano,Japan,5.0,7.0,,,27.0
Sekiryu,Sekiryu,Japan,5.0,7.0,1000.0,,35.0
Hermes,Hermes,U.K.,5.0,3.0,850.0,,25.0
Furious,Furious,U.K.,5.0,4.0,811.0,,31.0
Ark_Royal,Ark_Royal,U.K.,5.0,4.0,746.0,,31.0
Implacable,Implacable,U.K.,5.0,4.0,746.0,,32.0
Indomitable,Indomitable,U.K.,5.0,4.0,746.0,,30.0
Colossus,Colossus,U.K.,5.0,2.0,,,25.0
Theseus,Theseus,U.K.,5.0,5.0,,,25.0
Audacious,Audacious,U.K.,5.0,5.0,746.0,,32.0
Malta,Malta,U.K.,5.0,5.0,746.0,,33.0
Eagle,Eagle,U.K.,5.0,7.0,746.0,,31.0
Béarn,Béarn,France,5.0,5.0,870.0,,21.0
Sanzang,Sanzang,Pan-Asia,5.0,3.0,,,33.0
